username,post_id
demo_user_001,5
demo_user_001,9
demo_user_001,13
demo_user_001,41
demo_user_001,49
demo_user_005,1
demo_user_005,17
demo_user_005,33
demo_user_005,57
demo_user_009,93
demo_user_009,121
demo_user_013,1
demo_user_013,121
demo_user_017,148
demo_user_002,10
demo_user_002,14
demo_user_002,18
demo_user_002,42
demo_user_002,144
demo_user_006,2
demo_user_006,34
demo_user_010,54
demo_user_014,94
demo_user_018,122
demo_user_003,11
demo_user_003,15
demo_user_003,51
demo_user_003,147
demo_user_007,3
demo_user_011,55
demo_user_015,119
demo_user_019,3
demo_user_019,95
demo_user_004,12
demo_user_004,16
demo_user_004,52
demo_user_004,146
demo_user_008,4
demo_user_012,56
demo_user_016,120
demo_user_020,4
demo_user_020,96
demo_user_021,5
demo_user_021,37
demo_user_021,61
demo_user_025,9
demo_user_025,121
demo_user_022,6
demo_user_022,38
demo_user_022,62
demo_user_026,10
demo_user_026,122
demo_user_023,7
demo_user_023,39
demo_user_023,63
demo_user_027,11
demo_user_027,123
demo_user_024,8
demo_user_024,40
demo_user_024,64
demo_user_028,12
demo_user_028,124
demo_user_081,1
demo_user_081,41
demo_user_081,81
demo_user_082,2
demo_user_082,42
demo_user_082,82
demo_user_083,3
demo_user_083,43
demo_user_083,83
demo_user_084,4
demo_user_084,44
demo_user_084,84
demo_user_097,1
demo_user_097,41
demo_user_097,97
demo_user_098,10
demo_user_098,148
demo_user_099,3
demo_user_100,100
demo_user_100,148