user_id,content,created_at
1,最新のLLMモデルをPythonで動かしてみた。推論速度が大幅に改善されている。,2026-04-27 10:00:00+09
1,pgvectorを使ってベクトル検索エンジンを実装中。RAGの精度向上に必須。,2026-04-28 15:30:00+09
2,大規模言語モデルのファインチューニングには、H100などの高性能GPUが必要。,2026-04-27 11:20:00+09
2,Pandasでのデータ処理をPolarsに置き換えたら爆速になった。,2026-04-29 09:15:00+09
3,新型iPhoneのカメラ性能がすごい。RAW撮影の解像感が圧倒的。,2026-04-28 20:00:00+09
3,自作PCの冷却ファンを交換。静音性と冷却効率のバランスが最高。,2026-04-30 18:45:00+09
1,Transformerアーキテクチャの論文を再読。Attentionの仕組みは奥が深い。,2026-04-30 22:10:00+09
2,ベイズ統計学を用いた異常検知アルゴリズムの実装。,2026-05-01 14:00:00+09
3,最新のスマートウォッチを購入。睡眠ログの精度が向上している。,2026-05-02 08:30:00+09
4,表参道の新しくできたカフェのラテアートが可愛すぎる。,2026-04-27 14:00:00+09
4,週末限定のタルトタタンが絶品。サクサクのパイ生地が最高。,2026-05-02 15:00:00+09
5,15分で作れる鶏胸肉の低温調理レシピ。しっとりジューシー。,2026-04-28 11:00:00+09
5,米粉を使ったグルテンフリーのパンケーキ。モチモチ食感。,2026-04-30 10:30:00+09
6,ピエールエルメの新作マカロン。季節限定のフレーバーが秀逸。,2026-04-29 16:20:00+09
6,銀座の純喫茶で食べる昔ながらのプリン。固め派にはたまらない。,2026-05-01 13:45:00+09
4,代官山のテラス席で読書。午後のコーヒータイム。,2026-05-03 11:20:00+09
5,スパイスから作る本格バターチキンカレー。香りが全然違う。,2026-05-03 12:45:00+09
6,お取り寄せスイーツのベスト10をブログにまとめました。,2026-05-03 13:10:00+09
7,スノーピークの新作テントの設営テスト。広々としていて快適。,2026-04-27 08:00:00+09
7,冬キャンプの必需品。薪ストーブの暖かさは格別。,2026-04-28 19:30:00+09
8,北アルプスの槍ヶ岳に登頂。山頂からの雲海が素晴らしかった。,2026-05-01 06:00:00+09
8,登山靴のメンテナンス。ワックスを塗って防水性能を維持。,2026-05-02 17:00:00+09
9,京都の隠れた名所を巡る一人旅。静かな寺院に癒やされる。,2026-04-29 12:00:00+09
9,瀬戸内海の島々をフェリーで移動。アートと自然の融合。,2026-04-30 11:00:00+09
7,キャンプ飯の定番、アヒージョ。焚き火で作ると格別に美味い。,2026-05-03 09:00:00+09
8,トレイルランニングの練習。心肺機能が鍛えられる。,2026-05-03 10:00:00+09
9,海外旅行のパッキング術。LCCの制限内に収めるコツ。,2026-05-03 13:45:00+09
10,今日はいい天気だな。,2026-04-27 09:00:00+09
10,お腹が空いた。,2026-04-28 12:00:00+09
10,仕事が終わらない。,2026-04-29 23:30:00+09